C01 - Bâtiments;;;;;;
Nature du contrat;Code de catégorie;Description de la catégorie;Catégorie;Code UNSPSC;Description du code UNSPSC;Description détaillée du code UNSPSC
Travaux de construction ;C01;Bâtiments;C01 - Bâtiments;30220000;Ouvrages permanents;Ouvrages permanents
Travaux de construction ;C01;Bâtiments;C01 - Bâtiments;30221000;Ouvrages commerciaux ou récréatifs;Ouvrages commerciaux ou récréatifs/Ouvrages permanents
Travaux de construction ;C01;Bâtiments;C01 - Bâtiments;30221001;Galeries marchandes;Galeries marchandes/Ouvrages permanents
Travaux de construction ;C01;Bâtiments;C01 - Bâtiments;30221002;Stationnements;Stationnements/Ouvrages permanents
Travaux de construction ;C01;Bâtiments;C01 - Bâtiments;30221003;Cafétéria;Cafétéria/Ouvrages permanents
Travaux de construction ;C01;Bâtiments;C01 - Bâtiments;30221004;Magasins commerciaux;Magasins commerciaux/Ouvrages permanents
Travaux de construction ;C01;Bâtiments;C01 - Bâtiments;30221005;Centres commerciaux;Centres commerciaux/Ouvrages permanents
Travaux de construction ;C01;Bâtiments;C01 - Bâtiments;30221006;Cantines;Cantines/Ouvrages permanents
Travaux de construction ;C01;Bâtiments;C01 - Bâtiments;30221007;Salle de spectacle - de cinéma;Salle de spectacle - de cinéma/Ouvrages permanents
Travaux de construction ;C01;Bâtiments;C01 - Bâtiments;30221009;Marchés;Marchés/Ouvrages permanents
Travaux de construction ;C01;Bâtiments;C01 - Bâtiments;30221010;Terrains de jeux;Terrains de jeux/Ouvrages permanents
Travaux de construction ;C01;Bâtiments;C01 - Bâtiments;30221011;Zoo;Zoo/Ouvrages permanents
Travaux de construction ;C01;Bâtiments;C01 - Bâtiments;30221012;Jardins;Jardins/Ouvrages permanents
Travaux de construction ;C01;Bâtiments;C01 - Bâtiments;30221013;Parcs;Parcs/Ouvrages permanents
Travaux de construction ;C01;Bâtiments;C01 - Bâtiments;30221014;Ports de plaisance;Ports de plaisance/Ouvrages permanents
Travaux de construction ;C01;Bâtiments;C01 - Bâtiments;30222000;Ouvrages - transport;Ouvrages - transport/Ouvrages permanents
Travaux de construction ;C01;Bâtiments;C01 - Bâtiments;30222003;Gares d'autobus;Gares d'autobus/Ouvrages permanents
Travaux de construction ;C01;Bâtiments;C01 - Bâtiments;30222004;Dépôts d'autobus;Dépôts d'autobus/Ouvrages permanents
Travaux de construction ;C01;Bâtiments;C01 - Bâtiments;30222005;Bâtiment d'aire de service, de repos ou de desserte;Bâtiment d'aire de service, de repos ou de desserte/Ouvrages permanents
Travaux de construction ;C01;Bâtiments;C01 - Bâtiments;30222006;Gares ferroviaires;Gares ferroviaires/Ouvrages permanents
Travaux de construction ;C01;Bâtiments;C01 - Bâtiments;30222007;Dépôts ferroviaires;Dépôts ferroviaires/Ouvrages permanents
Travaux de construction ;C01;Bâtiments;C01 - Bâtiments;30222008;Gares ferroviaires souterraines;Gares ferroviaires souterraines/Ouvrages permanents
Travaux de construction ;C01;Bâtiments;C01 - Bâtiments;30222009;Terminaux ferroviaires;Terminaux ferroviaires/Ouvrages permanents
Travaux de construction ;C01;Bâtiments;C01 - Bâtiments;30222010;Dépôts de tramway;Dépôts de tramway/Ouvrages permanents
Travaux de construction ;C01;Bâtiments;C01 - Bâtiments;30222011;Quais de tramway;Quais de tramway/Ouvrages permanents
Travaux de construction ;C01;Bâtiments;C01 - Bâtiments;30222012;Bâtiments d'aéroport;Bâtiments d'aéroport/Ouvrages permanents
Travaux de construction ;C01;Bâtiments;C01 - Bâtiments;30222013;Tours de contrôle aéroportuaires;Tours de contrôle aéroportuaires/Ouvrages permanents
Travaux de construction ;C01;Bâtiments;C01 - Bâtiments;30222025;Postes rouliers;Postes rouliers/Ouvrages permanents
Travaux de construction ;C01;Bâtiments;C01 - Bâtiments;30222026;Phares;Phares/Ouvrages permanents
Travaux de construction ;C01;Bâtiments;C01 - Bâtiments;30222063;Haltes routières;Haltes routières/Ouvrages permanents
Travaux de construction ;C01;Bâtiments;C01 - Bâtiments;30222100;Ouvrages publics;Ouvrages publics/Ouvrages permanents
Travaux de construction ;C01;Bâtiments;C01 - Bâtiments;30222101;Bureaux de poste;Bureaux de poste/Ouvrages permanents
Travaux de construction ;C01;Bâtiments;C01 - Bâtiments;30222102;Banques;Banques/Ouvrages permanents
Travaux de construction ;C01;Bâtiments;C01 - Bâtiments;30222103;Postes de police;Postes de police/Ouvrages permanents
Travaux de construction ;C01;Bâtiments;C01 - Bâtiments;30222104;Palais de justice;Palais de justice/Ouvrages permanents
Travaux de construction ;C01;Bâtiments;C01 - Bâtiments;30222105;Prisons;Prisons/Ouvrages permanents
Travaux de construction ;C01;Bâtiments;C01 - Bâtiments;30222106;Postes de pompiers;Postes de pompiers/Ouvrages permanents
Travaux de construction ;C01;Bâtiments;C01 - Bâtiments;30222107;Postes ambulanciers;Postes ambulanciers/Ouvrages permanents
Travaux de construction ;C01;Bâtiments;C01 - Bâtiments;30222108;Postes de secours de montagne;Postes de secours de montagne/Ouvrages permanents
Travaux de construction ;C01;Bâtiments;C01 - Bâtiments;30222109;Postes d'abandon - sauvetage maritime;Postes d'abandon - sauvetage maritime/Ouvrages permanents
Travaux de construction ;C01;Bâtiments;C01 - Bâtiments;30222110;Postes garde-côtiers;Postes garde-côtiers/Ouvrages permanents
Travaux de construction ;C01;Bâtiments;C01 - Bâtiments;30222111;Postes de service de sauvetage;Postes de service de sauvetage/Ouvrages permanents
Travaux de construction ;C01;Bâtiments;C01 - Bâtiments;30222112;Centres municipaux;Centres municipaux/Ouvrages permanents
Travaux de construction ;C01;Bâtiments;C01 - Bâtiments;30222113;Crématorium;Crématorium/Ouvrages permanents
Travaux de construction ;C01;Bâtiments;C01 - Bâtiments;30222114;Galeries d'art;Galeries d'art/Ouvrages permanents
Travaux de construction ;C01;Bâtiments;C01 - Bâtiments;30222115;Monuments préhistoriques;Monuments préhistoriques/Ouvrages permanents
Travaux de construction ;C01;Bâtiments;C01 - Bâtiments;30222116;Billetteries;Billetteries/Ouvrages permanents
Travaux de construction ;C01;Bâtiments;C01 - Bâtiments;30222300;Ouvrages - enseignement et recherche;Ouvrages - enseignement et recherche/Ouvrages permanents
Travaux de construction ;C01;Bâtiments;C01 - Bâtiments;30222301;Écoles;Écoles/Ouvrages permanents
Travaux de construction ;C01;Bâtiments;C01 - Bâtiments;30222302;Écoles polytechniques;Écoles polytechniques/Ouvrages permanents
Travaux de construction ;C01;Bâtiments;C01 - Bâtiments;30222303;Centres de formation professionnelle;Centres de formation professionnelle/Ouvrages permanents
Travaux de construction ;C01;Bâtiments;C01 - Bâtiments;30222304;Salles de conférence;Salles de conférence/Ouvrages permanents
Travaux de construction ;C01;Bâtiments;C01 - Bâtiments;30222305;Bibliothèques - édifice;Bibliothèques - édifice/Ouvrages permanents
Travaux de construction ;C01;Bâtiments;C01 - Bâtiments;30222306;Locaux de laboratoire de langue;Locaux de laboratoire de langue/Ouvrages permanents
Travaux de construction ;C01;Bâtiments;C01 - Bâtiments;30222307;Bâtiments de laboratoire;Bâtiments de laboratoire/Ouvrages permanents
Travaux de construction ;C01;Bâtiments;C01 - Bâtiments;30222308;Centres météorologiques;Centres météorologiques/Ouvrages permanents
Travaux de construction ;C01;Bâtiments;C01 - Bâtiments;30222309;Installations de recherche et d'essai;Installations de recherche et d'essai/Ouvrages permanents
Travaux de construction ;C01;Bâtiments;C01 - Bâtiments;30222400;Hôpitaux;Hôpitaux/Ouvrages permanents
Travaux de construction ;C01;Bâtiments;C01 - Bâtiments;30222401;Cliniques;Cliniques/Ouvrages permanents
Travaux de construction ;C01;Bâtiments;C01 - Bâtiments;30222402;Maisons de convalescence - centre de convalescence;Maisons de convalescence - centre de convalescence/Ouvrages permanents
Travaux de construction ;C01;Bâtiments;C01 - Bâtiments;30222403;Salles d'opération;Salles d'opération/Ouvrages permanents
Travaux de construction ;C01;Bâtiments;C01 - Bâtiments;30222404;Unités de soins intensifs;Unités de soins intensifs/Ouvrages permanents
Travaux de construction ;C01;Bâtiments;C01 - Bâtiments;30222405;Salles de diagnostic;Salles de diagnostic/Ouvrages permanents
Travaux de construction ;C01;Bâtiments;C01 - Bâtiments;30222406;Salles de triage;Salles de triage/Ouvrages permanents
Travaux de construction ;C01;Bâtiments;C01 - Bâtiments;30222407;Salles de radioscopie;Salles de radioscopie/Ouvrages permanents
Travaux de construction ;C01;Bâtiments;C01 - Bâtiments;30222408;Salles de pathologie;Salles de pathologie/Ouvrages permanents
Travaux de construction ;C01;Bâtiments;C01 - Bâtiments;30222409;Salles de fibroscopie;Salles de fibroscopie/Ouvrages permanents
Travaux de construction ;C01;Bâtiments;C01 - Bâtiments;30222500;Ouvrages - hébergement;Ouvrages - hébergement/Ouvrages permanents
Travaux de construction ;C01;Bâtiments;C01 - Bâtiments;30222501;Résidences;Résidences/Ouvrages permanents
Travaux de construction ;C01;Bâtiments;C01 - Bâtiments;30222502;Appartements;Appartements/Ouvrages permanents
Travaux de construction ;C01;Bâtiments;C01 - Bâtiments;30222503;Foyers pour enfants;Foyers pour enfants/Ouvrages permanents
Travaux de construction ;C01;Bâtiments;C01 - Bâtiments;30222504;Centres de jour;Centres de jour/Ouvrages permanents
Travaux de construction ;C01;Bâtiments;C01 - Bâtiments;30222505;Maisons de retraite;Maisons de retraite/Ouvrages permanents
Travaux de construction ;C01;Bâtiments;C01 - Bâtiments;30222506;Résidences pour personnes âgées;Résidences pour personnes âgées/Ouvrages permanents
Travaux de construction ;C01;Bâtiments;C01 - Bâtiments;30222507;Auberges de jeunesse;Auberges de jeunesse/Ouvrages permanents
Travaux de construction ;C01;Bâtiments;C01 - Bâtiments;30222600;Ouvrages sportifs et de mise en forme;Ouvrages sportifs et de mise en forme/Ouvrages permanents
Travaux de construction ;C01;Bâtiments;C01 - Bâtiments;30222601;Stades;Stades/Ouvrages permanents
Travaux de construction ;C01;Bâtiments;C01 - Bâtiments;30222602;Terrains de sport;Terrains de sport/Ouvrages permanents
Travaux de construction ;C01;Bâtiments;C01 - Bâtiments;30222603;Pistes d'athlétisme;Pistes d'athlétisme/Ouvrages permanents
Travaux de construction ;C01;Bâtiments;C01 - Bâtiments;30222604;Palais des sports;Palais des sports/Ouvrages permanents
Travaux de construction ;C01;Bâtiments;C01 - Bâtiments;30222605;Spas;Spas/Ouvrages permanents
Travaux de construction ;C01;Bâtiments;C01 - Bâtiments;30222606;Gymnases;Gymnases/Ouvrages permanents
Travaux de construction ;C01;Bâtiments;C01 - Bâtiments;30222607;Piscines;Piscines/Ouvrages permanents
Travaux de construction ;C01;Bâtiments;C01 - Bâtiments;30222608;Installations de sports aquatiques;Installations de sports aquatiques/Ouvrages permanents
Travaux de construction ;C01;Bâtiments;C01 - Bâtiments;30222700;Ouvrages industriels;Ouvrages industriels/Ouvrages permanents
Travaux de construction ;C01;Bâtiments;C01 - Bâtiments;30222701;Ateliers industriels;Ateliers industriels/Ouvrages permanents
Travaux de construction ;C01;Bâtiments;C01 - Bâtiments;30222702;Installations d'entreposage frigorifique;Installations d'entreposage frigorifique/Ouvrages permanents
Travaux de construction ;C01;Bâtiments;C01 - Bâtiments;30222703;Magasins-entrepôts;Magasins-entrepôts/Ouvrages permanents
Travaux de construction ;C01;Bâtiments;C01 - Bâtiments;30222800;Ouvrages - agriculture et pêche;Ouvrages - agriculture et pêche/Ouvrages permanents
Travaux de construction ;C01;Bâtiments;C01 - Bâtiments;30222801;Hangars agricoles;Hangars agricoles/Ouvrages permanents
Travaux de construction ;C01;Bâtiments;C01 - Bâtiments;30222802;Étables;Étables/Ouvrages permanents
Travaux de construction ;C01;Bâtiments;C01 - Bâtiments;30222900;Ouvrages militaires;Ouvrages militaires/Ouvrages permanents
Travaux de construction ;C01;Bâtiments;C01 - Bâtiments;30222901;Bunkers;Bunkers/Ouvrages permanents
Travaux de construction ;C01;Bâtiments;C01 - Bâtiments;30222902;Abris militaires;Abris militaires/Ouvrages permanents
Travaux de construction ;C01;Bâtiments;C01 - Bâtiments;30222903;Casernes;Casernes/Ouvrages permanents
Travaux de construction ;C01;Bâtiments;C01 - Bâtiments;30222904;Carré des officiers;Carré des officiers/Ouvrages permanents
Travaux de construction ;C01;Bâtiments;C01 - Bâtiments;30223000;Ouvrages religieux;Ouvrages religieux/Ouvrages permanents
Travaux de construction ;C01;Bâtiments;C01 - Bâtiments;30223001;Églises;Églises/Ouvrages permanents
Travaux de construction ;C01;Bâtiments;C01 - Bâtiments;30223002;Temples;Temples/Ouvrages permanents
Travaux de construction ;C01;Bâtiments;C01 - Bâtiments;30223003;Mosquées;Mosquées/Ouvrages permanents
Travaux de construction ;C01;Bâtiments;C01 - Bâtiments;70171800;Services de drainage;Services de drainage/Surveillance et développement des ressources aquatiques
Travaux de construction ;C01;Bâtiments;C01 - Bâtiments;70171801;Services de drainage des terres;Services de drainage des terres/Surveillance et développement des ressources aquatiques
Travaux de construction ;C01;Bâtiments;C01 - Bâtiments;70171802;Drainage des eaux de pluie;Drainage des eaux de pluie/Surveillance et développement des ressources aquatiques
Travaux de construction ;C01;Bâtiments;C01 - Bâtiments;70171803;Services de lutte contre les inondations;Services de lutte contre les inondations/Surveillance et développement des ressources aquatiques
Travaux de construction ;C01;Bâtiments;C01 - Bâtiments;71120000;Services d'entretien, de construction et de forage de puits;Services d'entretien, de construction et de forage de puits
Travaux de construction ;C01;Bâtiments;C01 - Bâtiments;72000000;Services - bâtiment, travaux de construction et entretien;Services - bâtiment, travaux de construction et entretien
Travaux de construction ;C01;Bâtiments;C01 - Bâtiments;72100000;Services de construction, de réparation et d'entretien d'immeubles;Services de construction, de réparation et d'entretien d'immeubles
Travaux de construction ;C01;Bâtiments;C01 - Bâtiments;72101500;Services de soutien - Travaux de construction;Services de soutien - Travaux de construction/Services de construction, de réparation et d'entretien d'immeubles
Travaux de construction;C01;Bâtiments;C01 - Bâtiments;72101506;Services de maintenance d'ascenseurs;Services de maintenance d'ascenseurs/Services de construction, de réparation et d'entretien d'immeubles
Travaux de construction ;C01;Bâtiments;C01 - Bâtiments;72101600;Travaux de couverture, de revêtement ou de tôlerie;Travaux de couverture, de revêtement ou de tôlerie/Services de construction, de réparation et d'entretien d'immeubles
Travaux de construction ;C01;Bâtiments;C01 - Bâtiments;72101601;Installation ou réparation de couvertures;Installation ou réparation de couvertures/Services de construction, de réparation et d'entretien d'immeubles
Travaux de construction ;C01;Bâtiments;C01 - Bâtiments;72101602;Installation de lanterneaux;Installation de lanterneaux/Services de construction, de réparation et d'entretien d'immeubles
Travaux de construction ;C01;Bâtiments;C01 - Bâtiments;72101603;Services de gouttières ou de descentes pluviales;Services de gouttières ou de descentes pluviales/Services de construction, de réparation et d'entretien d'immeubles
Travaux de construction ;C01;Bâtiments;C01 - Bâtiments;72101604;Tôlerie architecturale;Tôlerie architecturale/Services de construction, de réparation et d'entretien d'immeubles
Travaux de construction ;C01;Bâtiments;C01 - Bâtiments;72101605;Montage ou réparation de toitures;Montage ou réparation de toitures/Services de construction, de réparation et d'entretien d'immeubles
Travaux de construction ;C01;Bâtiments;C01 - Bâtiments;72101606;Installation de glissières;Installation de glissières/Services de construction, de réparation et d'entretien d'immeubles
Travaux de construction ;C01;Bâtiments;C01 - Bâtiments;72101607;Installation ou réparation de revêtements muraux extérieurs;Installation ou réparation de revêtements muraux extérieurs/Services de construction, de réparation et d'entretien d'immeubles
Travaux de construction ;C01;Bâtiments;C01 - Bâtiments;72101700;Travaux de bétonnage;Travaux de bétonnage/Services de construction, de réparation et d'entretien d'immeubles
Travaux de construction ;C01;Bâtiments;C01 - Bâtiments;72101701;Services de bétonnage ou de stucage;Services de bétonnage ou de stucage/Services de construction, de réparation et d'entretien d'immeubles
Travaux de construction ;C01;Bâtiments;C01 - Bâtiments;72101702;Services d'injection de coulis;Services d'injection de coulis/Services de construction, de réparation et d'entretien d'immeubles
Travaux de construction ;C01;Bâtiments;C01 - Bâtiments;72101703;Construction de trottoirs ou de bordures;Construction de trottoirs ou de bordures/Services de construction, de réparation et d'entretien d'immeubles
Travaux de construction ;C01;Bâtiments;C01 - Bâtiments;72101704;Ouvrages de fondation, dallage;Ouvrages de fondation, dallage/Services de construction, de réparation et d'entretien d'immeubles
Travaux de construction ;C01;Bâtiments;C01 - Bâtiments;72101800;Nettoyage extérieur;Nettoyage extérieur/Services de construction, de réparation et d'entretien d'immeubles
Travaux de construction ;C01;Bâtiments;C01 - Bâtiments;72101801;Nettoyage au jet de sable;Nettoyage au jet de sable/Services de construction, de réparation et d'entretien d'immeubles
Travaux de construction ;C01;Bâtiments;C01 - Bâtiments;72101802;Nettoyage au jet d'eau haute pression;Nettoyage au jet d'eau haute pression/Services de construction, de réparation et d'entretien d'immeubles
Travaux de construction ;C01;Bâtiments;C01 - Bâtiments;72101803;Nettoyage à la vapeur;Nettoyage à la vapeur/Services de construction, de réparation et d'entretien d'immeubles
Travaux de construction ;C01;Bâtiments;C01 - Bâtiments;72101900;Finition intérieure;Finition intérieure/Services de construction, de réparation et d'entretien d'immeubles
Travaux de construction ;C01;Bâtiments;C01 - Bâtiments;72101902;Plâtrage ou pose de cloisons sèches;Plâtrage ou pose de cloisons sèches/Services de construction, de réparation et d'entretien d'immeubles
Travaux de construction ;C01;Bâtiments;C01 - Bâtiments;72101903;Charpenterie de finition ou ébénisterie;Charpenterie de finition ou ébénisterie/Services de construction, de réparation et d'entretien d'immeubles
Travaux de construction ;C01;Bâtiments;C01 - Bâtiments;72102000;Travaux de revêtement, de calfeutrage, de protection contre les intempéries, d'imperméabilisation et de protection contre l'incendie;Travaux de revêtement, de calfeutrage, de protection contre les intempéries, d'imperméabilisation et de protection contre l'incendie/Services de construction, de réparation et d'entretien d'immeubles
Travaux de construction ;C01;Bâtiments;C01 - Bâtiments;72102001;Calfeutrage;Calfeutrage/Services de construction, de réparation et d'entretien d'immeubles
Travaux de construction ;C01;Bâtiments;C01 - Bâtiments;72102002;Revêtement ou enrobage de plastique de matériaux structurels;Revêtement ou enrobage de plastique de matériaux structurels/Services de construction, de réparation et d'entretien d'immeubles
Travaux de construction ;C01;Bâtiments;C01 - Bâtiments;72102003;Enrobage ou enduisage de matériaux structurels en métal, en bois ou en béton;Enrobage ou enduisage de matériaux structurels en métal, en bois ou en béton/Services de construction, de réparation et d'entretien d'immeubles
Travaux de construction ;C01;Bâtiments;C01 - Bâtiments;72102004;Imperméabilisation;Imperméabilisation/Services de construction, de réparation et d'entretien d'immeubles
Travaux de construction ;C01;Bâtiments;C01 - Bâtiments;72102005;Ignifugation d'immeubles;Ignifugation d'immeubles/Services de construction, de réparation et d'entretien d'immeubles
Travaux de construction ;C01;Bâtiments;C01 - Bâtiments;72102006;Isolation de tuyaux;Isolation de tuyaux/Services de construction, de réparation et d'entretien d'immeubles
Travaux de construction ;C01;Bâtiments;C01 - Bâtiments;72102200;Services d'électricien;Services d'électricien/Services de construction, de réparation et d'entretien d'immeubles
Travaux de construction ;C01;Bâtiments;C01 - Bâtiments;72102201;Installation ou entretien de systèmes d'alimentation électrique;Installation ou entretien de systèmes d'alimentation électrique/Services de construction, de réparation et d'entretien d'immeubles
Travaux de construction ;C01;Bâtiments;C01 - Bâtiments;72102202;Installation de commandes électroniques;Installation de commandes électroniques/Services de construction, de réparation et d'entretien d'immeubles
Travaux de construction ;C01;Bâtiments;C01 - Bâtiments;72102203;Installation d'équipements de communications;Installation d'équipements de communications/Services de construction, de réparation et d'entretien d'immeubles
Travaux de construction ;C01;Bâtiments;C01 - Bâtiments;72102204;Installation de systèmes de sécurité et de sûreté;Installation de systèmes de sécurité et de sûreté/Services de construction, de réparation et d'entretien d'immeubles
Travaux de construction ;C01;Bâtiments;C01 - Bâtiments;72102205;Entretien ou soutien d'équipement de télécommunications;Entretien ou soutien d'équipement de télécommunications/Services de construction, de réparation et d'entretien d'immeubles
Travaux de construction ;C01;Bâtiments;C01 - Bâtiments;72102208;Pose de câbles;Pose de câbles/Services de construction, de réparation et d'entretien d'immeubles
Travaux de construction ;C01;Bâtiments;C01 - Bâtiments;72102209;Tirage de câbles;Tirage de câbles/Services de construction, de réparation et d'entretien d'immeubles
Travaux de construction ;C01;Bâtiments;C01 - Bâtiments;72102300;Plomberie, chauffage et climatisation;Plomberie, chauffage et climatisation/Services de construction, de réparation et d'entretien d'immeubles
Travaux de construction ;C01;Bâtiments;C01 - Bâtiments;72102301;Installation, réglage, entretien ou réparation de chaudières;Installation, réglage, entretien ou réparation de chaudières/Services de construction, de réparation et d'entretien d'immeubles
Travaux de construction ;C01;Bâtiments;C01 - Bâtiments;72102302;Installation, réparation ou entretien de systèmes de chauffage;Installation, réparation ou entretien de systèmes de chauffage/Services de construction, de réparation et d'entretien d'immeubles
Travaux de construction ;C01;Bâtiments;C01 - Bâtiments;72102303;Construction de systèmes de plomberie;Construction de systèmes de plomberie/Services de construction, de réparation et d'entretien d'immeubles
Travaux de construction ;C01;Bâtiments;C01 - Bâtiments;72102304;Entretien ou réparation de systèmes de plomberie;Entretien ou réparation de systèmes de plomberie/Services de construction, de réparation et d'entretien d'immeubles
Travaux de construction ;C01;Bâtiments;C01 - Bâtiments;72102305;Installation, entretien ou réparation de systèmes de climatisation;Installation, entretien ou réparation de systèmes de climatisation/Services de construction, de réparation et d'entretien d'immeubles
Travaux de construction ;C01;Bâtiments;C01 - Bâtiments;72102400;Peinture et pose de papier peint;Peinture et pose de papier peint/Services de construction, de réparation et d'entretien d'immeubles
Travaux de construction ;C01;Bâtiments;C01 - Bâtiments;72102401;Services de peinture extérieure;Services de peinture extérieure/Services de construction, de réparation et d'entretien d'immeubles
Travaux de construction ;C01;Bâtiments;C01 - Bâtiments;72102402;Services de peinture intérieure;Services de peinture intérieure/Services de construction, de réparation et d'entretien d'immeubles
Travaux de construction ;C01;Bâtiments;C01 - Bâtiments;72102403;Services de pose de papier peint;Services de pose de papier peint/Services de construction, de réparation et d'entretien d'immeubles
Travaux de construction ;C01;Bâtiments;C01 - Bâtiments;72102404;Application de peinture industrielle ou spécialisée (avions, navires, ponts);Application de peinture industrielle ou spécialisée (avions, navires, ponts)/Services de construction, de réparation et d'entretien d'immeubles
Travaux de construction ;C01;Bâtiments;C01 - Bâtiments;72102500;Maçonnerie, taille de pierre et carrelage;Maçonnerie, taille de pierre et carrelage/Services de construction, de réparation et d'entretien d'immeubles
Travaux de construction ;C01;Bâtiments;C01 - Bâtiments;72102501;Briquetage;Briquetage/Services de construction, de réparation et d'entretien d'immeubles
Travaux de construction ;C01;Bâtiments;C01 - Bâtiments;72102502;Construction ou réparation (entretien) de cheminées;Construction ou réparation (entretien) de cheminées/Services de construction, de réparation et d'entretien d'immeubles
Travaux de construction ;C01;Bâtiments;C01 - Bâtiments;72102503;Pose de marbre, de pierres ou de carreaux;Pose de marbre, de pierres ou de carreaux/Services de construction, de réparation et d'entretien d'immeubles
Travaux de construction ;C01;Bâtiments;C01 - Bâtiments;72102504;Construction de murs de soutènement;Construction de murs de soutènement/Services de construction, de réparation et d'entretien d'immeubles
Travaux de construction ;C01;Bâtiments;C01 - Bâtiments;72102505;Travaux de peinture à fresque;Travaux de peinture à fresque/Services de construction, de réparation et d'entretien d'immeubles
Travaux de construction ;C01;Bâtiments;C01 - Bâtiments;72102506;Insonorisation;Insonorisation/Services de construction, de réparation et d'entretien d'immeubles
Travaux de construction ;C01;Bâtiments;C01 - Bâtiments;72102507;Installation de matériaux isolants;Installation de matériaux isolants/Services de construction, de réparation et d'entretien d'immeubles
Travaux de construction ;C01;Bâtiments;C01 - Bâtiments;72102508;Restauration d'ouvrages de maçonnerie, de pierre ou de carreaux;Restauration d'ouvrages de maçonnerie, de pierre ou de carreaux/Services de construction, de réparation et d'entretien d'immeubles
Travaux de construction ;C01;Bâtiments;C01 - Bâtiments;72102600;Charpenterie (menuiserie);Charpenterie (menuiserie)/Services de construction, de réparation et d'entretien d'immeubles
Travaux de construction ;C01;Bâtiments;C01 - Bâtiments;72102601;Grosse menuiserie (charpenterie);Grosse menuiserie (charpenterie)/Services de construction, de réparation et d'entretien d'immeubles
Travaux de construction ;C01;Bâtiments;C01 - Bâtiments;72102602;Pose de fenêtres, de portes ou de luminaires;Pose de fenêtres, de portes ou de luminaires/Services de construction, de réparation et d'entretien d'immeubles
Travaux de construction ;C01;Bâtiments;C01 - Bâtiments;72102700;Services de pose de revêtements de plancher (couvre-planchers et parquets);Services de pose de revêtements de plancher (couvre-planchers et parquets)/Services de construction, de réparation et d'entretien d'immeubles
Travaux de construction ;C01;Bâtiments;C01 - Bâtiments;72102701;Pose ou finition de revêtements intermédiaires de plancher;Pose ou finition de revêtements intermédiaires de plancher/Services de construction, de réparation et d'entretien d'immeubles
Travaux de construction ;C01;Bâtiments;C01 - Bâtiments;72102702;Pose et entretien de revêtements de plancher (couvre-planchers et parquets);Pose et entretien de revêtements de plancher (couvre-planchers et parquets)/Services de construction, de réparation et d'entretien d'immeubles
Travaux de construction ;C01;Bâtiments;C01 - Bâtiments;72102800;Services de rénovation, restauration;Services de rénovation, restauration/Services de construction, de réparation et d'entretien d'immeubles
Travaux de construction ;C01;Bâtiments;C01 - Bâtiments;72102801;Rénovation d'immeubles ou de lieux historiques ou de monuments;Rénovation d'immeubles ou de lieux historiques ou de monuments/Services de construction, de réparation et d'entretien d'immeubles
Travaux de construction ;C01;Bâtiments;C01 - Bâtiments;72102802;Restauration d'immeubles ou de lieux historiques ou de monuments;Restauration d'immeubles ou de lieux historiques ou de monuments/Services de construction, de réparation et d'entretien d'immeubles
Travaux de construction ;C01;Bâtiments;C01 - Bâtiments;72102903;Services d'entretien ou de réparations pour terrain de stationnement;Services d'entretien ou de réparations pour terrain de stationnement/Services de construction, de réparation et d'entretien d'immeubles
Travaux de construction ;C01;Bâtiments;C01 - Bâtiments;72103000;Services de préparation du terrain;Services de préparation du terrain/Services de construction, de réparation et d'entretien d'immeubles
Travaux de construction ;C01;Bâtiments;C01 - Bâtiments;72103002;Services de drainage par profilage;Services de drainage par profilage/Services de construction, de réparation et d'entretien d'immeubles
Travaux de construction ;C01;Bâtiments;C01 - Bâtiments;72103003;Services de démolition;Services de démolition/Services de construction, de réparation et d'entretien d'immeubles
Travaux de construction ;C01;Bâtiments;C01 - Bâtiments;72103004;Services d'excavation;Services d'excavation/Services de construction, de réparation et d'entretien d'immeubles
Travaux de construction ;C01;Bâtiments;C01 - Bâtiments;72130000;Construction immobilière générale;Construction immobilière générale
Travaux de construction ;C01;Bâtiments;C01 - Bâtiments;72131500;Construction de bâtiments résidentiels;Construction de bâtiments résidentiels/Construction immobilière générale
Travaux de construction ;C01;Bâtiments;C01 - Bâtiments;72131501;Construction d'appartements;Construction d'appartements/Construction immobilière générale
Travaux de construction ;C01;Bâtiments;C01 - Bâtiments;72131502;Construction d'habitations unifamiliales;Construction d'habitations unifamiliales/Construction immobilière générale
Travaux de construction ;C01;Bâtiments;C01 - Bâtiments;72131600;Construction de bâtiments non résidentiels;Construction de bâtiments non résidentiels/Construction immobilière générale
Travaux de construction ;C01;Bâtiments;C01 - Bâtiments;72131800;Travaux de construction visant l'économie d'énergie;Travaux de construction visant l'économie d'énergie
Travaux de construction ;C01;Bâtiments;C01 - Bâtiments;72150000;Services de construction et d'entretien de composants spécialisés;Services de construction et d'entretien de composants spécialisés
Travaux de construction ;C01;Bâtiments;C01 - Bâtiments;76101600;Décontamination - matières dangereuses;Décontamination - matières dangereuses/Services de décontamination
Travaux de construction ;C01;Bâtiments;C01 - Bâtiments;76101601;Services de décontamination - matières radioactives;Services de décontamination - matières radioactives/Services de décontamination
Travaux de construction ;C01;Bâtiments;C01 - Bâtiments;76101602;Services de désamiantage;Services de désamiantage/Services de décontamination
Travaux de construction ;C01;Bâtiments;C01 - Bâtiments;83101500;Services d'aqueduc et d'égout;Services d'aqueduc et d'égout/Services publics
C02 - Ouvrages de génie civil;;;;;;
Nature du contrat;Code de catégorie;Description de la catégorie;Catégorie;Code UNSPSC;Description du code UNSPSC;Description détaillée du code UNSPSC
Travaux de construction ;C02;Ouvrages de génie civil;C02 - Ouvrages de génie civil;30222001;Ponts en acier;Ponts en acier/Ouvrages permanents
Travaux de construction ;C02;Ouvrages de génie civil;C02 - Ouvrages de génie civil;30222002;Cales sèches;Cales sèches/Ouvrages permanents
Travaux de construction ;C02;Ouvrages de génie civil;C02 - Ouvrages de génie civil;30222014;Terrains d'aviation;Terrains d'aviation/Ouvrages permanents
Travaux de construction ;C02;Ouvrages de génie civil;C02 - Ouvrages de génie civil;30222015;Pistes d'atterrissage;Pistes d'atterrissage/Ouvrages permanents
Travaux de construction ;C02;Ouvrages de génie civil;C02 - Ouvrages de génie civil;30222016;Quais;Quais/Ouvrages permanents
Travaux de construction ;C02;Ouvrages de génie civil;C02 - Ouvrages de génie civil;30222017;Jetées;Jetées/Ouvrages permanents
Travaux de construction ;C02;Ouvrages de génie civil;C02 - Ouvrages de génie civil;30222018;Bassins;Bassins/Ouvrages permanents
Travaux de construction ;C02;Ouvrages de génie civil;C02 - Ouvrages de génie civil;30222019;Wharfs;Wharfs/Ouvrages permanents
Travaux de construction ;C02;Ouvrages de génie civil;C02 - Ouvrages de génie civil;30222020;Marina;Marina/Ouvrages permanents
Travaux de construction ;C02;Ouvrages de génie civil;C02 - Ouvrages de génie civil;30222021;Ports de plaisance - Yachts;Ports de plaisance - Yachts/Ouvrages permanents
Travaux de construction ;C02;Ouvrages de génie civil;C02 - Ouvrages de génie civil;30222022;Brise-lames;Brise-lames/Ouvrages permanents
Travaux de construction ;C02;Ouvrages de génie civil;C02 - Ouvrages de génie civil;30222023;Digues;Digues/Ouvrages permanents
Travaux de construction ;C02;Ouvrages de génie civil;C02 - Ouvrages de génie civil;30222024;Débarcadères de traversier;Débarcadères de traversier/Ouvrages permanents
Travaux de construction ;C02;Ouvrages de génie civil;C02 - Ouvrages de génie civil;30222027;Ponts routiers;Ponts routiers/Ouvrages permanents
Travaux de construction ;C02;Ouvrages de génie civil;C02 - Ouvrages de génie civil;30222028;Ponts ferroviaires;Ponts ferroviaires/Ouvrages permanents
Travaux de construction ;C02;Ouvrages de génie civil;C02 - Ouvrages de génie civil;30222029;Ponts piétonniers;Ponts piétonniers/Ouvrages permanents
Travaux de construction ;C02;Ouvrages de génie civil;C02 - Ouvrages de génie civil;30222030;Viaducs routiers;Viaducs routiers/Ouvrages permanents
Travaux de construction ;C02;Ouvrages de génie civil;C02 - Ouvrages de génie civil;30222031;Viaducs ferroviaires;Viaducs ferroviaires/Ouvrages permanents
Travaux de construction ;C02;Ouvrages de génie civil;C02 - Ouvrages de génie civil;30222032;Passages inférieurs;Passages inférieurs/Ouvrages permanents
Travaux de construction ;C02;Ouvrages de génie civil;C02 - Ouvrages de génie civil;30222033;Passages supérieurs;Passages supérieurs/Ouvrages permanents
Travaux de construction ;C02;Ouvrages de génie civil;C02 - Ouvrages de génie civil;30222034;Passages souterrains;Passages souterrains/Ouvrages permanents
Travaux de construction ;C02;Ouvrages de génie civil;C02 - Ouvrages de génie civil;30222035;Ponceaux;Ponceaux/Ouvrages permanents
Travaux de construction ;C02;Ouvrages de génie civil;C02 - Ouvrages de génie civil;30222036;Tunnels routiers;Tunnels routiers/Ouvrages permanents
Travaux de construction ;C02;Ouvrages de génie civil;C02 - Ouvrages de génie civil;30222037;Tunnels ferroviaires;Tunnels ferroviaires/Ouvrages permanents
Travaux de construction ;C02;Ouvrages de génie civil;C02 - Ouvrages de génie civil;30222038;Tunnels piétonniers;Tunnels piétonniers/Ouvrages permanents
Travaux de construction ;C02;Ouvrages de génie civil;C02 - Ouvrages de génie civil;30222039;Canaux;Canaux/Ouvrages permanents
Travaux de construction ;C02;Ouvrages de génie civil;C02 - Ouvrages de génie civil;30222040;Tunnels sous-fluviaux;Tunnels sous-fluviaux/Ouvrages permanents
Travaux de construction ;C02;Ouvrages de génie civil;C02 - Ouvrages de génie civil;30222041;Tunnels sous-marins;Tunnels sous-marins/Ouvrages permanents
Travaux de construction ;C02;Ouvrages de génie civil;C02 - Ouvrages de génie civil;30222042;Autoroutes;Autoroutes/Ouvrages permanents
Travaux de construction ;C02;Ouvrages de génie civil;C02 - Ouvrages de génie civil;30222043;Carrefours;Carrefours/Ouvrages permanents
Travaux de construction ;C02;Ouvrages de génie civil;C02 - Ouvrages de génie civil;30222044;Rocades;Rocades/Ouvrages permanents
Travaux de construction ;C02;Ouvrages de génie civil;C02 - Ouvrages de génie civil;30222045;Routes interurbaines;Routes interurbaines/Ouvrages permanents
Travaux de construction ;C02;Ouvrages de génie civil;C02 - Ouvrages de génie civil;30222046;Routes secondaires;Routes secondaires/Ouvrages permanents
Travaux de construction ;C02;Ouvrages de génie civil;C02 - Ouvrages de génie civil;30222047;Voies de desserte;Voies de desserte/Ouvrages permanents
Travaux de construction ;C02;Ouvrages de génie civil;C02 - Ouvrages de génie civil;30222048;Voies d'accès;Voies d'accès/Ouvrages permanents
Travaux de construction ;C02;Ouvrages de génie civil;C02 - Ouvrages de génie civil;30222049;Routes à double chaussée;Routes à double chaussée/Ouvrages permanents
Travaux de construction ;C02;Ouvrages de génie civil;C02 - Ouvrages de génie civil;30222050;Route à chaussée unique;Route à chaussée unique/Ouvrages permanents
Travaux de construction ;C02;Ouvrages de génie civil;C02 - Ouvrages de génie civil;30222051;Bifurcations - jonctions;Bifurcations - jonctions/Ouvrages permanents
Travaux de construction ;C02;Ouvrages de génie civil;C02 - Ouvrages de génie civil;30222052;Passages piétonniers;Passages piétonniers/Ouvrages permanents
Travaux de construction ;C02;Ouvrages de génie civil;C02 - Ouvrages de génie civil;30222053;Passages piétonniers supérieurs;Passages piétonniers supérieurs/Ouvrages permanents
Travaux de construction ;C02;Ouvrages de génie civil;C02 - Ouvrages de génie civil;30222054;Trottoir - sentiers piétonniers;Trottoir - sentiers piétonniers/Ouvrages permanents
Travaux de construction ;C02;Ouvrages de génie civil;C02 - Ouvrages de génie civil;30222055;Pistes cyclables;Pistes cyclables/Ouvrages permanents
Travaux de construction ;C02;Ouvrages de génie civil;C02 - Ouvrages de génie civil;30222056;Ponts pour canalisations;Ponts pour canalisations/Ouvrages permanents
Travaux de construction ;C02;Ouvrages de génie civil;C02 - Ouvrages de génie civil;30222057;Canalisations;Canalisations/Ouvrages permanents
Travaux de construction ;C02;Ouvrages de génie civil;C02 - Ouvrages de génie civil;30222058;Postes de pompage;Postes de pompage/Ouvrages permanents
Travaux de construction ;C02;Ouvrages de génie civil;C02 - Ouvrages de génie civil;30222059;Postes de pompage d'eau d'égout;Postes de pompage d'eau d'égout/Ouvrages permanents
Travaux de construction ;C02;Ouvrages de génie civil;C02 - Ouvrages de génie civil;30222060;Décharges d'eau d'égout;Décharges d'eau d'égout/Ouvrages permanents
Travaux de construction ;C02;Ouvrages de génie civil;C02 - Ouvrages de génie civil;30222061;Parcs de stationnement;Parcs de stationnement/Ouvrages permanents
Travaux de construction ;C02;Ouvrages de génie civil;C02 - Ouvrages de génie civil;30222080;Travaux de construction de système de feux de circulation (route);Travaux de construction de système de feux de circulation (route)
Travaux de construction ;C02;Ouvrages de génie civil;C02 - Ouvrages de génie civil;30222081;Travaux de grattage et mise en forme d'accotement (route);Travaux de grattage et mise en forme d'accotement (route)
Travaux de construction ;C02;Ouvrages de génie civil;C02 - Ouvrages de génie civil;30222082;Travaux de signalisation et maintien de la circulation (route);Travaux de signalisation et maintien de la circulation (route)
Travaux de construction ;C02;Ouvrages de génie civil;C02 - Ouvrages de génie civil;30222200;Ouvrages pour services publics;Ouvrages pour services publics/Ouvrages permanents
Travaux de construction ;C02;Ouvrages de génie civil;C02 - Ouvrages de génie civil;30222201;Postes radars;Postes radars/Ouvrages permanents
Travaux de construction ;C02;Ouvrages de génie civil;C02 - Ouvrages de génie civil;30222202;Sous-stations;Sous-stations/Ouvrages permanents
Travaux de construction ;C02;Ouvrages de génie civil;C02 - Ouvrages de génie civil;30222203;Centrales nucléaires;Centrales nucléaires/Ouvrages permanents
Travaux de construction ;C02;Ouvrages de génie civil;C02 - Ouvrages de génie civil;30222204;Châteaux d'eau;Châteaux d'eau/Ouvrages permanents
Travaux de construction ;C02;Ouvrages de génie civil;C02 - Ouvrages de génie civil;30222205;Puits;Puits/Ouvrages permanents
Travaux de construction ;C02;Ouvrages de génie civil;C02 - Ouvrages de génie civil;30222206;Stations de base pour téléphones mobiles;Stations de base pour téléphones mobiles/Ouvrages permanents
Travaux de construction ;C02;Ouvrages de génie civil;C02 - Ouvrages de génie civil;30222207;Barrages;Barrages/Ouvrages permanents
Travaux de construction ;C02;Ouvrages de génie civil;C02 - Ouvrages de génie civil;30222208;Plate-formes pétrolières et gazières;Plate-formes pétrolières et gazières/Ouvrages permanents
Travaux de construction ;C02;Ouvrages de génie civil;C02 - Ouvrages de génie civil;30222803;Canaux d'irrigation;Canaux d'irrigation/Ouvrages permanents
Travaux de construction ;C02;Ouvrages de génie civil;C02 - Ouvrages de génie civil;71161400;Services de gestion de la construction de puits;Services de gestion de la construction de puits/Services de gestion de projets - puits de pétrole et de gaz
Travaux de construction ;C02;Ouvrages de génie civil;C02 - Ouvrages de génie civil;71161402;Services techniques de complétion de puits;Services techniques de complétion de puits/Services de gestion de projets - puits de pétrole et de gaz
Travaux de construction ;C02;Ouvrages de génie civil;C02 - Ouvrages de génie civil;71161403;Services liés aux points fixes d'amarrage;Services liés aux points fixes d'amarrage/Services de gestion de projets - puits de pétrole et de gaz
Travaux de construction ;C02;Ouvrages de génie civil;C02 - Ouvrages de génie civil;71161405;Services de revêtement de puits sur chantier de forage;Services de revêtement de puits sur chantier de forage/Services de gestion de projets - puits de pétrole et de gaz
Travaux de construction ;C02;Ouvrages de génie civil;C02 - Ouvrages de génie civil;71161407;Services liés aux unités de remontage - puits;Services liés aux unités de remontage - puits/Services de gestion de projets - puits de pétrole et de gaz
Travaux de construction ;C02;Ouvrages de génie civil;C02 - Ouvrages de génie civil;71161412;Services de reconditionnement de puits;Services de reconditionnement de puits/Services de gestion de projets - puits de pétrole et de gaz
Travaux de construction ;C02;Ouvrages de génie civil;C02 - Ouvrages de génie civil;71161413;Services de construction ou de fabrication;Services de construction ou de fabrication/Services de gestion de projets - puits de pétrole et de gaz
Travaux de construction ;C02;Ouvrages de génie civil;C02 - Ouvrages de génie civil;72102206;Ouvrages souterrains pour équipement de communications;Ouvrages souterrains pour équipement de communications/Services de construction, de réparation et d'entretien d'immeubles
Travaux de construction ;C02;Ouvrages de génie civil;C02 - Ouvrages de génie civil;72102207;Ouvrages aériens pour équipement de communications;Ouvrages aériens pour équipement de communications/Services de construction, de réparation et d'entretien d'immeubles
Travaux de construction ;C02;Ouvrages de génie civil;C02 - Ouvrages de génie civil;72102405;Services de marquage de la chaussée;Services de marquage de la chaussée/Services de construction, de réparation et d'entretien d'immeubles
Travaux de construction ;C02;Ouvrages de génie civil;C02 - Ouvrages de génie civil;72131601;Construction de centrales d'énergie;Construction de centrales d'énergie/Construction immobilière générale
Travaux de construction ;C02;Ouvrages de génie civil;C02 - Ouvrages de génie civil;72131700;Construction d'infrastructures ou d'ouvrages de génie civil;Construction d'infrastructures ou d'ouvrages de génie civil/Construction immobilière générale
Travaux de construction ;C02;Ouvrages de génie civil;C02 - Ouvrages de génie civil;72131701;Pavage ou revêtement de routes ou d'autoroutes;Pavage ou revêtement de routes ou d'autoroutes/Construction immobilière générale
Travaux de construction ;C02;Ouvrages de génie civil;C02 - Ouvrages de génie civil;72131702;Construction de ponts;Construction de ponts/Construction immobilière générale
Travaux de construction ;C02;Ouvrages de génie civil;C02 - Ouvrages de génie civil;72190000;Entretien et réparation d'infrastructures;Entretien et réparation d'infrastructures
Travaux de construction ;C02;Ouvrages de génie civil;C02 - Ouvrages de génie civil;72191500;Entretien routier;Entretien routier/Entretien et réparation d'infrastructures
C03 - Autres travaux de construction ;;;;;;
Nature du contrat;Code de catégorie;Description de la catégorie;Catégorie;Code UNSPSC;Description du code UNSPSC;Description détaillée du code UNSPSC
Aucun code proposé dans cette catégorie - Voir les codes proposés en C01 - Bâtiments ou en C02 - Ouvrages de génie civil;;;;;;
